{
  "feature_names": [
    "bedrooms",
    "bathrooms",
    "sqm",
    "age_years",
    "has_pool",
    "has_generator",
    "has_borehole",
    "has_security",
    "is_serviced",
    "floor_count",
    "parking_spaces",
    "price_mult",
    "days_on_market",
    "views",
    "saves",
    "city_Abuja",
    "city_Enugu",
    "city_Ibadan",
    "city_Kano",
    "city_Lagos",
    "city_Port Harcourt",
    "type_apartment",
    "type_bungalow",
    "type_detached_house",
    "type_duplex",
    "type_semi_detached",
    "type_terrace"
  ],
  "n_features": 27,
  "n_nodes": 15000,
  "n_edges": 120000,
  "scaler_mean": [
    2.7626,
    2.3346666666666667,
    204.67533333333333,
    19.1424,
    0.06066666666666667,
    0.7001333333333334,
    0.5988666666666667,
    0.8030666666666667,
    0.1692,
    1.9454666666666667,
    1.8032,
    2.1304666593591373,
    44.5994,
    60.6054,
    11.672133333333333,
    0.214,
    0.06733333333333333,
    0.10066666666666667,
    0.0792,
    0.38193333333333335,
    0.15686666666666665,
    0.3473333333333333,
    0.0724,
    0.20533333333333334,
    0.0486,
    0.17706666666666668,
    0.14926666666666666
  ],
  "scaler_scale": [
    1.2458897382995013,
    1.2427918391893131,
    91.33227573840233,
    14.677329079456749,
    0.2387178716020697,
    0.45819935496341424,
    0.4901279243444738,
    0.39768152528820794,
    0.3749284731785517,
    0.9732211716197346,
    1.0290787595385174,
    1.0663694283328726,
    44.50435618723183,
    10.991006513205846,
    7.883153141281025,
    0.41012680965769605,
    0.2505983949580594,
    0.30088683734734706,
    0.2700506619136491,
    0.4858603320113943,
    0.363675013653063,
    0.47612276661475544,
    0.25914906907029395,
    0.40394499075437923,
    0.21503032344299722,
    0.38172511342878945,
    0.3563511314544811
  ]
}