{
  "model_type": "CreditScoringNet",
  "version": "1.0.0",
  "feature_names": [
    "age",
    "years_employed",
    "monthly_income",
    "loan_amount",
    "property_value",
    "ltv_ratio",
    "existing_debt_ratio",
    "dti_ratio",
    "credit_score",
    "missed_payments_12m",
    "bankruptcy_history",
    "has_other_property",
    "savings_months",
    "nhf_contributor",
    "has_guarantor",
    "loan_term_years"
  ],
  "scaler_mean": [
    41.03329166666666,
    7.181416666666666,
    273847.913125,
    21474272.774153646,
    27916637.587598957,
    0.7759224626521269,
    0.2800093625610364,
    1.3444157958862681,
    628.240375,
    0.472375,
    0.02525,
    0.33470833333333333,
    5.671972500439113,
    0.42854166666666665,
    0.379375,
    15.762291666666666
  ],
  "scaler_scale": [
    9.041193689530253,
    4.029144407901279,
    196161.99734949364,
    18706373.711291138,
    24566188.265278794,
    0.06956702867615525,
    0.17886399524447177,
    0.5852838227243321,
    85.31301050558507,
    1.1458563868891276,
    0.15688351570511308,
    0.47188840304730856,
    5.90953967827755,
    0.49486736263089304,
    0.4852315008065243,
    5.988457209354591
  ],
  "threshold": 0.5,
  "metrics": {
    "test_auc": 0.9998525545292767,
    "test_ap": 0.9986501495194081,
    "test_f1": 0.9668615984405458,
    "test_brier": 0.004517671186476946,
    "best_val_auc": 0.9999751824455219,
    "best_epoch": 20
  },
  "params": {
    "epochs": 50,
    "batch_size": 256,
    "lr": 0.0005,
    "weight_decay": 0.0001,
    "architecture": "AttentionDNN[256,128,64,32]",
    "n_features": 16,
    "n_train": 24000
  },
  "trained_at": "2026-07-20T12:35:31.751340",
  "score_range": [
    300,
    850
  ],
  "risk_bands": {
    "excellent": [
      750,
      850
    ],
    "good": [
      670,
      749
    ],
    "fair": [
      580,
      669
    ],
    "poor": [
      500,
      579
    ],
    "very_poor": [
      300,
      499
    ]
  }
}