{
  "model_type": "FraudDetectionNet",
  "version": "1.0.0",
  "feature_names": [
    "user_age",
    "annual_income",
    "transaction_amount",
    "amount_to_income_ratio",
    "account_age_days",
    "velocity_30d",
    "is_new_device",
    "is_vpn",
    "is_unusual_hour",
    "payment_method_risk",
    "time_since_last_txn_hours",
    "kyc_score",
    "credit_score",
    "prev_transactions",
    "address_match",
    "doc_verification_score"
  ],
  "scaler_mean": [
    37.25395,
    9263284.16783125,
    38058133.81283125,
    7.989048101443739,
    777.37955,
    3.3118,
    0.07005,
    0.035525,
    0.092975,
    0.35605,
    70.30208424808025,
    0.7823295675299945,
    614.336675,
    14.0728,
    0.9,
    0.883555352604622
  ],
  "scaler_scale": [
    8.06081319703533,
    21881626.175930638,
    76117265.93827346,
    42.09834827739255,
    802.3497307233298,
    2.4406004916821327,
    0.25523126277951347,
    0.18510260499249787,
    0.29039739905013007,
    0.7658187758861531,
    72.03714867021168,
    0.1542596870668586,
    84.32786624209393,
    14.887850756909037,
    0.3000000000001256,
    0.12862456194734098
  ],
  "threshold": 0.5,
  "metrics": {
    "test_auc": 1.0,
    "test_ap": 1.0,
    "test_f1": 0.9971509971509972,
    "best_val_auc": 1.0,
    "best_epoch": 1
  },
  "params": {
    "epochs": 40,
    "batch_size": 512,
    "lr": 0.001,
    "weight_decay": 0.0001,
    "patience": 8,
    "pos_weight_multiplier": 5.0,
    "architecture": "ResNet[256,128,64,32]",
    "n_features": 16,
    "n_train": 40000,
    "n_val": 5000,
    "n_test": 5000
  },
  "trained_at": "2026-07-20T12:30:41.524052",
  "data_description": "Synthetic Nigerian real estate transactions (50k samples, 3.5% fraud rate)"
}