{
  "model_type": "PropertyGNNv2",
  "version": "2.0.0",
  "architecture": "GCN[256,128,64]+MLP[32,16,1]",
  "feature_names": [
    "bedrooms",
    "bathrooms",
    "sqm",
    "age_years",
    "has_pool",
    "has_generator",
    "has_borehole",
    "has_security",
    "is_serviced",
    "floor_count",
    "parking_spaces",
    "price_mult",
    "days_on_market",
    "views",
    "saves",
    "city_Abuja",
    "city_Enugu",
    "city_Ibadan",
    "city_Kano",
    "city_Lagos",
    "city_Port Harcourt",
    "type_apartment",
    "type_bungalow",
    "type_detached_house",
    "type_duplex",
    "type_semi_detached",
    "type_terrace"
  ],
  "scaler_mean": [
    -0.049843853995203975,
    -0.060482167303562165,
    -0.04262829183344729,
    -0.03296926955133676,
    0.016058004170656205,
    -0.00792955058813095,
    -0.04359399542212486,
    -0.01651237493753433,
    -0.0018670406341552734,
    0.021098356563597917,
    -0.015742227271199227,
    -0.015957606628537176,
    -0.006446545416489244,
    0.013338165694847703,
    0.0662636508550495,
    0.008533935099840163,
    0.0026602874994277955,
    -0.027141980677843094,
    -0.013701137214899062,
    0.024835665822029115,
    -0.012007069885730743,
    0.015052160441875458,
    -0.026625603780150414,
    0.0028881794512271883,
    -0.051620634831488134,
    0.052219061762094496,
    -0.028810530424118044
  ],
  "scaler_scale": [
    0.9868871871471034,
    0.9888104341425625,
    0.9644675512547801,
    0.9869706097362458,
    1.0290034470993832,
    1.0034261892542171,
    1.0078128557093,
    1.012370940535019,
    0.9983495783641597,
    1.011904228539836,
    0.9998243256074704,
    1.0146621150646835,
    0.991894033358367,
    1.0197396727238686,
    1.0243445269522031,
    1.005897311076264,
    1.0045790197292999,
    0.9629217591311144,
    0.9783215934026566,
    1.0057105149428633,
    0.9885332600048173,
    1.004702121972442,
    0.9546861967284228,
    1.0021004567317569,
    0.8835197452479779,
    1.0419338580606574,
    0.9708023311880809
  ],
  "metrics": {
    "test_mae_millions": 29.780454635620117,
    "test_mape": 24.979164123535156,
    "test_r2": 0.8778845071792603,
    "best_val_mae": 32.1845703125,
    "best_epoch": 116
  },
  "params": {
    "epochs": 300,
    "n_nodes_subset": 2000,
    "lr": 0.002,
    "k_neighbours": 8
  },
  "trained_at": "2026-07-20T13:06:37",
  "n_nodes_trained": 2000,
  "target_transform": "log1p(price_millions_ngn)",
  "graph_construction": "k=8 nearest neighbours by feature similarity"
}